model,accuracy,f1,roc_auc
RandomForest,0.8913333333333333,0.7565953210552514,0.9293588068567185
DecisionTree,0.8244444444444444,0.6131243878550441,0.8314200907932836
