model,accuracy,f1,roc_auc
Boosting,0.9086666666666666,0.8091035764050163,0.9327416267112983
RandomForest,0.8913333333333333,0.7565953210552514,0.9293588068567185
DecisionTree,0.8244444444444444,0.6131243878550441,0.8314200907932836
LogisticRegression,0.8162222222222222,0.5717244950802693,0.8008904412072182
DummyClassifier,0.7373333333333333,0.0,0.5
